56,187,18,9,12,10,13,10,5,11,8,10,9,10,6,8,12,17,12,12,13,,,,,,,,,,,,,,,,,,,,,,,,,,,,,,,,,,,,,
,,,"Athena_1","Athena_2","Athena_3","Athena_4","Athena_5","Athena_6","Athena_7","Athena_8","Athena_9","Athena_10","Mt. Vernon_1","Mt. Vernon_2","Mt. Vernon_3","Mt. Vernon_4","Mt. Vernon_5","Mt. Vernon_6","Mt. Vernon_7","Mt. Vernon_8",,,,,,,,,,,,,,,,,,,,,,,,,,,,,,,,,,,,,
"Isolate","Population",1,2,3,4,5,6,7,8,9,10,11,12,13,14,15,16,17,18,19,20,21,22,23,24,25,26,27,28,29,30,31,32,33,34,35,36,37,38,39,40,41,42,43,44,45,46,47,48,49,50,51,52,53,54,55,56
1,"Athena_1",1,0,1,0,1,0,0,1,1,0,1,1,1,0,0,1,0,0,0,1,0,0,1,1,0,0,1,0,1,0,1,0,0,1,0,1,0,0,0,0,0,1,1,1,1,0,0,0,1,1,1,1,0,0,0,1
2,"Athena_1",1,0,1,0,0,0,0,1,1,1,1,1,1,0,0,1,0,0,0,1,0,0,1,1,0,0,1,0,1,0,1,0,0,1,0,1,0,0,0,0,0,1,1,1,1,0,0,0,1,1,1,1,1,0,0,1
3,"Athena_1",1,0,1,0,0,0,0,0,1,0,1,1,1,0,0,1,0,0,0,1,0,0,1,1,0,0,0,0,1,0,1,0,0,1,0,0,0,0,0,0,0,1,0,1,0,0,0,0,1,0,1,1,0,0,0,0
4,"Athena_1",1,0,1,0,0,0,0,0,1,0,1,1,1,0,0,1,0,0,0,1,0,0,1,1,0,0,0,0,1,0,1,0,0,1,0,0,0,0,0,0,0,1,0,1,0,0,0,0,1,0,0,1,0,0,0,0
5,"Athena_1",1,0,1,0,0,0,0,0,1,0,1,1,1,0,0,1,0,0,0,1,0,0,1,1,0,0,1,0,1,0,1,0,0,1,0,1,1,0,0,0,0,1,1,1,1,0,0,0,1,1,1,1,0,0,1,0
6,"Athena_1",1,0,1,0,0,0,0,0,1,1,1,1,1,0,0,1,0,0,0,1,0,0,1,1,0,0,1,0,1,0,1,0,0,1,0,1,0,0,0,0,0,1,1,1,1,0,0,0,1,1,1,1,0,0,1,1
7,"Athena_1",1,0,1,0,0,0,0,0,1,0,1,1,0,0,0,1,0,0,0,1,0,0,1,1,0,0,0,0,1,0,1,0,0,1,0,0,0,0,0,0,0,1,0,1,0,0,0,0,1,0,0,0,0,0,0,0
8,"Athena_1",1,0,1,0,0,0,0,0,1,0,1,1,1,0,0,1,0,0,0,1,0,0,1,1,0,0,0,0,1,0,1,0,0,1,0,0,0,0,0,0,0,1,0,1,0,0,0,0,1,0,1,1,0,0,0,0
9,"Athena_1",1,0,1,0,0,0,0,0,1,0,1,1,1,0,0,1,0,0,0,1,0,0,1,1,0,0,0,0,1,0,1,0,0,1,0,0,0,0,0,0,0,1,0,1,0,0,0,0,1,0,0,1,0,0,0,0
10,"Athena_2",1,1,0,0,0,0,0,0,1,0,1,0,1,0,0,1,0,0,1,1,0,1,1,1,0,0,1,0,1,0,1,0,1,1,0,1,0,0,0,0,0,1,0,1,0,0,0,0,1,1,1,1,1,0,1,0
11,"Athena_2",1,1,0,0,0,0,0,0,1,0,1,1,1,0,0,1,0,0,0,1,0,0,0,1,0,0,1,0,1,0,1,0,1,1,0,1,0,0,0,0,0,1,0,1,0,0,0,0,1,1,1,0,0,1,0,0
12,"Athena_2",1,1,1,0,0,0,0,0,1,1,1,1,1,0,0,1,0,1,0,1,1,1,1,1,0,0,1,1,1,1,1,1,0,1,1,1,1,0,1,0,1,1,1,1,1,0,0,1,1,1,1,1,0,0,1,1
13,"Athena_2",1,0,1,0,0,0,0,0,1,1,1,1,1,0,0,1,0,0,0,1,0,0,1,1,0,0,1,1,1,1,1,0,0,1,1,1,1,0,1,0,1,1,0,1,1,0,0,1,1,1,1,1,0,0,0,1
14,"Athena_2",1,1,1,0,1,0,0,0,1,1,1,1,1,0,0,1,0,1,1,1,0,1,1,1,0,0,1,1,1,1,1,1,0,1,1,1,1,0,1,0,1,1,1,1,1,0,0,1,1,1,1,1,0,0,0,1
15,"Athena_2",1,0,1,0,0,0,0,0,1,1,1,1,1,0,0,1,0,0,1,1,0,1,1,1,0,0,1,1,1,1,1,0,1,1,1,1,1,0,1,0,1,1,0,1,1,0,0,1,1,1,1,1,0,0,1,1
16,"Athena_2",1,1,1,0,0,0,0,0,1,1,1,1,1,0,0,1,0,1,0,1,1,1,1,1,1,0,1,1,1,1,1,1,0,1,1,1,1,0,1,0,1,1,1,1,1,0,0,1,1,1,1,1,0,0,0,1
17,"Athena_2",1,0,1,0,0,0,0,0,1,1,1,1,1,0,0,1,0,0,0,1,0,0,1,1,0,0,1,1,1,1,1,0,0,1,1,1,1,0,1,0,1,1,1,1,1,0,0,1,1,1,1,1,0,0,0,1
18,"Athena_2",1,1,1,0,0,0,0,0,1,1,1,1,0,0,0,0,0,0,0,1,0,0,1,1,0,0,1,1,1,0,1,0,0,1,1,1,1,0,0,0,1,1,1,1,1,0,0,0,1,1,1,1,0,0,1,0
19,"Athena_2",1,1,1,0,0,0,0,0,1,1,1,1,1,0,0,1,0,1,1,1,1,1,1,1,0,0,1,1,1,1,1,1,0,1,1,1,1,0,1,0,1,1,1,1,1,0,0,1,1,1,1,1,0,0,0,1
20,"Athena_2",0,1,1,0,0,0,0,0,1,0,0,1,1,0,0,0,0,1,0,1,0,1,0,1,0,0,1,0,0,0,1,1,0,1,1,1,1,0,0,0,1,1,1,0,1,0,0,0,1,1,1,1,0,0,1,1
21,"Athena_2",1,1,1,0,0,0,0,0,1,1,1,1,1,0,0,1,0,0,0,1,0,0,1,1,0,0,1,1,1,0,1,1,0,1,1,1,1,0,1,1,1,1,1,1,1,0,0,1,1,1,1,1,0,0,1,1
22,"Athena_3",1,0,1,0,0,0,0,0,1,0,1,1,1,0,0,1,0,0,0,1,0,0,1,1,0,0,0,0,1,0,1,0,1,1,0,0,0,0,0,0,0,1,1,1,0,0,0,0,1,0,1,1,0,0,0,0
23,"Athena_3",1,0,1,0,0,0,0,0,1,0,1,1,1,0,0,1,0,0,0,1,0,0,1,1,0,0,0,0,1,0,1,0,1,1,0,0,0,0,0,0,0,1,1,1,0,0,0,0,1,0,1,1,0,0,0,0
24,"Athena_3",1,0,1,0,0,0,0,0,1,0,1,1,1,0,0,1,0,0,0,1,0,0,1,1,0,0,0,0,1,0,1,0,1,1,0,0,0,0,0,0,0,1,1,1,0,0,0,0,1,0,1,1,0,0,0,0
25,"Athena_3",1,0,1,0,0,0,0,0,1,0,1,1,1,0,0,1,0,0,0,1,0,0,1,1,0,0,0,0,1,0,1,0,1,1,0,0,0,0,0,0,0,1,1,1,0,0,0,0,1,0,1,1,0,0,0,0
26,"Athena_3",1,0,1,0,0,0,0,0,1,0,1,1,1,0,0,1,0,0,0,1,0,0,1,1,0,0,1,0,1,0,1,1,0,1,0,0,0,0,0,0,0,1,1,1,0,0,0,0,1,0,1,1,0,0,0,0
27,"Athena_3",1,0,1,0,0,0,0,0,1,0,1,1,1,0,0,1,0,0,0,1,0,0,1,1,0,0,0,0,1,0,1,0,1,1,0,0,0,0,0,0,0,1,1,1,0,0,0,0,1,0,1,1,0,0,0,0
28,"Athena_3",1,0,1,0,0,0,0,0,1,0,1,1,1,0,0,1,0,0,0,1,0,0,1,1,0,0,0,0,1,0,1,0,1,1,0,0,0,0,0,0,0,1,1,1,0,0,0,0,1,0,1,1,0,0,0,0
29,"Athena_3",1,0,1,0,0,0,0,0,1,0,1,1,1,0,0,1,0,0,0,1,0,0,1,1,0,0,0,0,1,0,1,0,1,1,0,0,0,0,0,0,0,1,1,1,0,0,0,0,1,0,1,1,0,0,0,0
30,"Athena_3",1,0,1,0,0,0,0,0,1,0,1,1,1,0,0,1,0,0,0,1,0,0,1,1,0,0,0,0,1,0,1,0,1,1,0,0,0,0,0,0,0,1,1,1,0,0,0,0,1,0,1,1,0,0,0,0
31,"Athena_3",1,0,1,0,0,0,0,0,1,0,1,1,1,0,0,1,0,0,0,1,0,0,1,1,0,0,0,0,1,0,1,0,1,1,0,0,0,0,0,0,0,1,1,1,0,0,0,0,1,0,1,1,0,0,0,0
32,"Athena_4",1,0,1,0,0,0,0,0,1,0,1,1,1,0,0,1,0,0,0,1,0,0,1,1,0,0,1,0,1,0,1,0,1,1,0,1,0,0,0,0,0,1,1,1,1,0,0,0,1,1,1,1,1,1,0,0
33,"Athena_4",1,0,1,1,0,0,1,0,1,0,1,1,1,0,0,1,0,0,1,1,0,0,1,1,0,0,0,0,1,0,1,0,1,1,0,0,0,0,0,0,0,1,0,1,0,0,0,0,1,0,0,1,0,0,0,0
34,"Athena_4",1,0,1,1,0,0,1,0,1,0,1,1,1,0,0,1,0,0,1,1,0,0,1,1,0,0,0,0,1,0,1,0,1,1,0,0,0,0,0,0,0,1,0,1,0,0,0,0,1,0,0,1,0,0,0,0
35,"Athena_4",1,0,1,1,0,0,1,0,1,0,1,1,1,0,0,1,0,0,1,1,0,0,1,1,0,0,0,0,1,0,1,0,1,1,1,0,0,0,0,0,0,1,0,1,0,0,0,0,1,0,1,1,0,0,0,0
36,"Athena_4",1,0,1,1,0,0,1,0,1,0,1,1,1,0,0,1,0,0,1,1,0,0,1,1,0,0,0,0,1,0,1,0,1,1,0,0,0,0,0,0,0,1,0,1,0,0,0,0,1,0,0,1,0,0,0,0
37,"Athena_4",1,0,1,1,0,0,1,0,1,0,1,1,1,0,0,1,0,0,1,1,0,0,1,1,0,0,0,0,1,0,1,0,1,1,0,0,0,0,0,0,0,1,0,1,0,0,0,0,1,0,1,1,0,0,0,0
38,"Athena_4",1,0,1,0,0,0,0,0,1,0,1,1,1,0,0,1,0,0,0,1,0,0,1,1,0,0,1,0,1,0,1,0,0,1,0,1,0,0,0,0,0,1,1,1,1,0,0,0,1,1,1,1,0,0,0,1
39,"Athena_4",1,0,1,1,0,0,1,0,1,0,1,1,1,0,0,1,0,0,1,1,0,0,1,1,0,0,0,0,1,0,1,0,1,1,0,0,0,0,0,0,0,1,0,1,0,0,0,0,1,0,0,1,0,0,0,0
40,"Athena_4",1,0,1,1,0,0,0,0,1,0,1,1,1,0,0,1,0,0,1,1,0,0,1,1,0,0,0,0,1,0,1,0,1,1,0,0,0,0,0,0,0,1,0,1,0,0,0,0,1,0,0,1,0,0,0,0
41,"Athena_4",1,0,1,1,0,0,1,0,1,0,1,1,1,0,0,1,0,0,1,1,0,0,1,1,0,0,0,0,1,0,1,0,1,1,0,0,0,0,0,0,0,1,0,1,0,0,0,0,1,0,0,1,0,0,0,0
42,"Athena_4",1,0,1,0,1,0,0,0,1,0,1,1,1,0,0,1,0,0,0,1,0,0,1,1,0,0,1,0,1,0,1,0,0,1,0,1,0,0,0,0,0,1,1,1,1,0,0,0,1,1,1,1,0,0,0,1
43,"Athena_4",1,0,1,0,0,0,0,0,1,0,1,1,1,0,0,1,0,0,0,1,0,0,1,1,0,0,0,0,1,0,1,0,1,1,0,1,0,0,0,0,0,1,1,1,1,0,0,0,1,1,1,1,0,1,0,0
44,"Athena_4",1,1,1,1,0,0,1,0,1,0,1,1,1,0,0,1,0,0,1,1,0,0,1,1,0,0,0,0,1,0,1,0,1,1,0,0,0,0,0,0,0,1,0,1,0,0,0,0,1,0,1,1,0,0,0,0
45,"Athena_5",1,0,1,0,0,0,0,0,1,0,1,1,1,0,0,1,0,0,1,1,0,0,1,1,0,0,1,0,1,0,1,0,0,1,0,1,0,0,0,0,0,1,1,1,1,1,0,0,1,1,1,1,1,1,0,0
46,"Athena_5",1,0,1,0,0,0,0,0,1,0,1,1,1,0,0,1,0,0,1,1,0,0,1,1,0,0,1,0,1,0,1,0,0,1,0,1,0,0,0,0,0,1,1,1,1,1,0,0,1,1,1,1,0,1,0,0
47,"Athena_5",1,0,1,0,0,0,0,0,1,0,1,1,1,0,0,1,0,0,1,1,0,0,1,1,0,0,1,0,1,0,1,0,0,1,0,1,0,0,0,0,0,1,1,1,1,1,0,0,1,1,1,1,1,1,0,0
48,"Athena_5",1,0,1,0,0,0,0,0,1,0,1,1,1,0,0,1,0,0,1,1,0,0,1,1,0,0,1,0,1,0,1,0,0,1,0,1,0,0,0,0,0,1,1,1,1,1,0,0,1,1,1,1,0,1,0,0
49,"Athena_5",1,0,1,0,1,0,0,0,1,1,1,1,1,0,0,1,0,0,0,1,0,0,1,0,0,0,1,1,1,0,1,0,0,1,0,1,0,1,0,0,1,1,0,1,1,0,0,0,1,1,1,0,0,0,0,1
50,"Athena_5",1,0,1,0,0,0,0,0,1,0,1,1,1,0,0,1,0,0,1,1,0,0,1,1,0,0,1,0,1,0,1,0,0,1,0,1,0,0,0,0,0,1,1,1,1,1,0,0,1,1,1,1,0,1,0,0
51,"Athena_5",1,0,1,0,0,0,0,0,1,0,1,1,1,0,0,1,0,0,1,1,0,0,1,1,0,0,1,0,1,0,1,0,0,1,0,1,0,0,0,0,0,1,1,1,1,0,0,0,1,1,1,1,0,1,0,1
52,"Athena_5",1,0,1,0,0,0,0,1,1,0,1,1,1,0,0,1,0,0,0,1,0,0,1,1,0,0,1,0,1,0,1,0,0,1,0,1,0,0,0,0,0,1,1,1,1,0,0,0,1,1,1,1,0,0,0,1
53,"Athena_5",1,0,1,0,0,0,0,0,1,0,1,1,1,0,0,1,0,0,1,1,0,0,1,1,0,0,1,0,1,0,1,0,0,1,0,1,0,0,0,0,0,1,1,1,1,0,0,0,1,1,1,1,0,1,0,0
54,"Athena_5",1,0,1,0,1,0,0,1,1,0,1,1,1,0,0,1,0,0,0,1,0,0,1,1,0,0,1,0,1,0,1,0,0,1,0,1,0,0,0,0,0,1,1,1,1,0,0,0,1,1,1,1,0,0,0,1
55,"Athena_6",0,0,1,0,0,0,0,0,1,1,1,1,1,0,0,0,0,0,0,1,0,0,1,1,0,0,1,1,1,0,1,1,0,1,1,1,0,0,1,0,0,1,1,1,1,0,0,0,1,1,1,1,0,1,0,0
56,"Athena_6",1,0,1,0,0,0,0,0,1,0,1,1,1,0,0,1,0,0,1,1,0,0,1,1,0,0,1,0,1,0,1,1,0,1,0,1,0,0,0,0,0,1,1,1,1,0,0,0,1,1,1,1,0,0,1,0
57,"Athena_6",1,0,1,0,1,0,0,0,1,0,1,1,1,0,0,1,0,0,1,1,0,0,1,1,0,0,1,0,1,0,1,0,1,1,0,1,0,0,0,0,0,1,1,1,1,0,0,0,1,1,1,1,0,0,0,1
58,"Athena_6",1,0,1,0,1,0,0,0,1,0,1,1,1,0,0,1,0,1,0,1,0,0,1,1,0,0,1,0,1,0,1,0,0,1,0,1,0,0,0,0,0,1,1,1,1,0,0,0,1,1,1,1,0,0,0,1
59,"Athena_6",1,0,1,0,0,0,0,0,1,0,1,1,1,0,0,1,0,0,0,1,0,0,1,1,0,0,1,0,1,0,1,0,0,1,0,1,0,0,0,0,0,1,1,1,1,0,0,0,1,1,1,1,0,0,0,1
60,"Athena_7",1,0,1,0,0,0,0,0,1,0,1,1,1,0,0,1,0,0,0,1,0,0,1,1,0,0,0,0,1,0,1,0,1,1,0,1,0,0,0,0,0,1,0,1,1,0,0,0,1,1,1,1,0,0,1,1
61,"Athena_7",1,0,1,0,0,0,0,0,1,1,1,1,1,0,0,1,0,0,1,1,0,0,1,1,0,0,1,0,1,0,1,0,0,1,1,1,0,0,0,0,0,1,1,1,1,0,0,0,1,1,1,1,0,0,1,0
62,"Athena_7",1,0,1,0,0,0,0,0,1,1,1,1,1,0,0,1,0,0,1,1,0,0,1,1,0,0,1,1,1,0,1,0,0,1,1,1,0,0,0,0,0,1,1,1,1,0,0,0,1,1,1,1,1,0,1,0
63,"Athena_7",1,0,1,0,0,0,0,0,1,0,1,1,1,0,0,1,0,0,0,1,0,0,1,1,0,0,1,0,1,0,1,0,0,1,0,1,0,0,0,0,0,1,1,1,1,0,0,0,1,1,1,1,1,0,1,0
64,"Athena_7",1,0,1,0,0,0,0,0,1,1,1,1,1,0,0,1,0,0,1,1,0,0,1,1,0,0,1,1,1,1,1,0,0,1,1,1,0,1,1,0,1,1,1,1,1,0,0,0,1,1,1,1,1,0,1,1
65,"Athena_7",1,0,1,0,0,0,0,0,1,0,1,1,1,0,0,1,0,0,1,1,0,0,1,1,0,0,1,0,1,0,1,0,0,1,0,1,0,0,0,0,0,1,1,1,1,0,0,0,1,1,1,1,0,0,1,0
66,"Athena_7",1,0,1,0,0,0,0,0,1,1,1,1,1,0,0,1,0,0,1,1,0,0,1,1,0,0,1,1,1,1,1,0,0,1,1,1,0,1,1,0,0,1,1,1,1,0,0,0,1,1,1,1,0,0,1,0
67,"Athena_7",1,0,1,0,1,0,0,0,1,0,1,1,1,0,0,1,0,0,1,1,0,0,1,1,0,0,1,0,1,0,1,0,1,1,0,1,0,1,0,1,0,1,1,1,1,0,0,0,1,1,1,1,0,1,0,0
68,"Athena_7",1,0,1,0,0,0,0,0,1,0,1,1,0,0,0,1,0,0,0,1,0,0,1,1,0,0,0,0,1,0,1,0,0,1,0,1,0,0,0,0,0,1,0,1,0,0,0,0,0,0,1,1,0,0,0,0
69,"Athena_7",1,0,1,0,0,0,0,0,1,0,1,1,0,0,0,1,0,1,1,1,0,1,1,1,0,1,1,0,1,0,1,0,0,1,0,0,1,0,0,0,0,1,0,1,0,0,0,0,1,0,1,1,0,0,0,1
70,"Athena_7",1,0,1,0,1,0,0,0,1,0,1,1,1,0,0,1,0,0,1,1,0,0,1,1,0,0,1,0,1,0,1,0,1,1,0,1,0,1,0,1,0,1,1,1,1,0,0,0,1,1,1,1,0,1,0,0
71,"Athena_8",1,0,1,0,0,0,0,0,1,0,1,1,1,0,0,1,0,0,0,1,0,0,1,1,0,0,1,0,1,0,1,0,1,1,0,1,0,0,0,0,0,1,1,1,1,0,0,0,1,0,1,1,0,0,1,0
72,"Athena_8",1,0,1,0,0,0,0,0,1,0,1,1,1,0,0,1,0,0,0,1,0,0,0,1,0,0,0,0,1,0,1,0,1,1,0,0,0,0,0,0,0,1,0,1,0,0,0,0,1,0,0,1,1,0,0,0
73,"Athena_8",1,0,1,0,0,0,0,0,1,0,1,1,1,0,0,1,0,0,0,1,0,0,0,1,0,0,0,0,1,0,1,0,0,1,0,0,0,0,0,0,0,1,0,1,0,0,0,0,1,0,0,1,0,0,0,0
74,"Athena_8",1,0,1,0,0,0,0,0,1,0,1,1,1,0,0,1,0,0,0,1,0,0,0,1,0,0,0,0,1,0,1,0,1,1,0,0,0,0,0,0,0,1,0,1,0,0,0,0,1,0,1,1,0,0,0,0
75,"Athena_8",1,0,1,0,0,0,0,0,1,0,1,1,1,0,0,1,0,0,0,1,0,0,0,1,0,0,0,0,1,0,1,0,1,1,0,0,0,0,0,0,0,1,0,1,0,0,0,0,1,0,0,1,0,0,0,0
76,"Athena_8",1,0,1,0,0,0,0,0,1,0,1,1,1,0,0,1,0,0,0,1,0,0,0,1,0,0,0,0,1,0,1,0,1,1,0,0,0,0,0,0,0,1,0,1,0,0,0,0,1,0,1,1,0,0,0,0
77,"Athena_8",1,0,1,0,0,0,0,0,1,0,1,1,1,0,0,1,0,0,0,1,0,0,0,1,0,0,0,0,1,0,1,0,1,1,0,0,0,0,0,0,0,1,0,1,0,0,0,0,1,0,1,1,0,0,0,0
78,"Athena_8",1,0,1,0,0,0,0,0,1,0,1,1,1,0,0,1,0,0,0,1,0,0,1,1,0,0,1,0,1,0,1,0,1,1,0,1,0,1,0,1,0,1,1,1,1,0,0,0,1,1,1,1,0,1,0,0
79,"Athena_9",1,0,1,0,0,0,0,0,1,0,1,1,1,0,0,1,0,0,0,1,0,0,0,1,0,0,0,0,1,0,1,0,1,1,0,0,0,0,0,0,0,1,0,1,0,0,0,0,1,0,1,1,1,0,0,0
80,"Athena_9",1,0,1,0,0,0,0,0,1,0,1,1,1,0,0,1,0,0,0,1,0,0,0,1,0,0,0,0,1,0,1,0,1,1,0,0,0,0,0,0,0,1,0,1,0,0,0,0,1,0,0,1,1,0,0,0
81,"Athena_9",1,0,1,0,0,0,0,0,1,0,1,1,1,0,0,1,0,0,1,1,0,0,1,1,0,0,1,0,1,0,1,0,0,1,0,1,0,0,0,0,0,1,1,1,1,0,0,0,1,1,1,1,0,0,1,0
82,"Athena_9",1,0,1,0,0,0,0,0,1,0,1,1,1,0,0,1,0,0,1,1,0,0,1,1,0,1,1,0,1,0,1,0,1,1,0,1,1,0,0,1,0,1,1,1,1,1,0,0,1,1,1,1,0,1,0,1
83,"Athena_9",1,0,1,0,0,0,0,0,1,1,1,1,1,0,0,1,0,0,0,1,0,0,1,1,0,0,1,1,1,1,1,0,0,1,1,1,1,0,1,0,0,1,1,1,1,0,0,0,1,1,1,1,0,0,1,1
84,"Athena_9",1,0,1,0,0,0,0,0,1,0,1,1,1,0,0,1,0,0,0,1,0,0,1,1,0,0,1,0,1,0,1,0,0,1,0,1,0,0,0,0,0,1,1,1,1,0,0,0,1,1,1,1,0,0,1,0
85,"Athena_9",1,0,1,0,0,0,0,0,1,1,1,1,1,0,0,1,0,0,0,1,0,0,1,1,0,0,1,1,1,1,1,0,0,1,1,1,1,0,1,0,1,1,1,1,1,0,0,1,1,1,1,1,0,0,1,0
86,"Athena_9",1,0,1,0,0,0,0,1,1,0,1,1,1,0,0,1,0,0,0,1,0,0,1,1,0,0,1,0,1,0,1,0,0,1,0,1,0,0,0,0,0,1,1,1,1,0,0,0,1,1,1,1,0,0,0,1
87,"Athena_9",1,0,1,0,0,0,0,0,1,0,1,1,1,0,0,1,0,0,1,1,0,0,1,1,0,0,1,0,1,0,1,0,1,1,0,1,0,0,0,0,0,1,1,1,1,0,0,0,1,1,1,1,0,1,1,0
88,"Athena_9",1,0,1,0,0,0,0,0,1,0,1,1,1,0,0,1,0,0,1,1,0,0,1,1,0,0,1,0,1,0,1,0,1,1,0,1,0,0,0,0,0,1,1,1,1,0,0,0,1,1,1,1,0,0,1,0
89,"Athena_10",1,0,1,0,0,0,0,0,1,0,1,1,1,0,0,1,0,0,1,1,0,0,1,1,0,0,0,0,1,0,1,0,0,1,0,1,0,0,0,0,0,1,1,1,1,0,0,0,1,1,1,1,0,1,0,0
90,"Athena_10",1,0,1,0,0,0,0,0,1,0,1,1,1,0,0,1,0,0,0,1,0,0,1,1,0,0,1,0,1,0,1,0,0,1,0,1,0,0,0,0,0,1,1,1,1,0,0,0,1,1,1,1,0,0,1,0
91,"Athena_10",1,0,1,0,0,0,0,0,1,0,1,1,1,0,0,1,0,0,1,1,0,0,1,1,0,1,0,0,1,0,1,0,0,1,0,1,0,0,0,0,0,1,1,1,1,0,0,0,1,1,1,1,0,1,0,0
92,"Athena_10",1,0,1,0,0,0,0,0,1,0,1,1,1,0,0,1,0,0,1,1,0,0,1,1,0,0,0,0,1,0,1,0,0,1,0,1,0,0,0,0,0,1,1,1,1,0,0,0,1,1,1,1,0,1,0,0
93,"Athena_10",1,1,1,0,0,0,0,0,1,0,1,1,1,0,0,1,0,1,0,1,1,0,1,1,0,0,1,0,1,1,1,0,0,1,0,1,0,0,0,1,0,1,1,1,1,0,0,0,1,1,1,1,1,0,0,0
94,"Athena_10",1,0,1,0,0,0,0,0,1,0,1,1,1,0,0,1,0,0,0,1,0,0,1,1,0,0,0,0,1,0,1,0,0,1,0,1,0,0,0,0,0,1,1,1,1,0,0,0,1,1,0,1,0,0,0,0
95,"Athena_10",1,0,1,0,0,0,0,0,1,0,1,1,1,0,0,1,0,0,0,1,0,0,1,1,0,0,0,0,1,0,1,0,0,1,0,1,0,0,0,0,0,1,1,1,1,0,0,0,1,0,1,1,0,1,0,0
96,"Athena_10",1,0,1,0,1,0,0,1,1,1,1,1,1,0,0,1,0,0,1,1,0,0,1,1,0,1,1,0,1,0,1,0,1,1,0,1,0,1,0,1,0,1,1,1,1,1,0,0,1,1,1,1,0,1,0,1
97,"Athena_10",1,1,1,0,0,0,0,0,1,0,1,1,1,0,0,1,0,1,0,1,0,1,1,1,0,0,1,0,1,1,1,1,0,1,0,1,0,0,0,0,0,1,1,1,1,0,0,0,1,1,1,1,0,0,1,0
98,"Mt. Vernon_1",1,1,0,0,0,0,0,0,0,1,0,0,1,1,1,0,1,1,0,0,1,1,1,0,1,0,0,1,0,1,0,1,0,0,1,0,0,0,1,0,1,0,0,0,0,0,1,0,1,1,1,0,0,0,0,0
99,"Mt. Vernon_1",1,1,0,0,0,0,0,0,0,0,0,0,1,1,1,0,1,1,1,0,1,1,1,0,1,0,0,1,0,1,0,1,0,1,0,0,0,0,1,0,1,0,0,0,0,0,1,0,0,1,1,0,0,0,0,0
100,"Mt. Vernon_1",1,1,0,0,0,0,0,0,0,0,0,0,1,1,1,0,1,1,1,0,1,1,1,0,1,0,0,1,0,1,0,1,0,1,0,1,0,0,1,0,1,0,0,0,0,0,1,0,0,1,1,0,0,0,0,0
101,"Mt. Vernon_1",0,1,0,0,0,0,0,0,0,0,0,0,1,1,1,0,1,1,1,0,1,1,1,0,1,0,0,1,0,1,0,1,0,1,1,0,0,0,1,0,1,0,0,0,0,0,1,0,0,1,1,0,0,0,0,0
102,"Mt. Vernon_1",0,1,0,0,1,0,0,0,0,1,0,0,1,1,1,0,1,1,0,0,1,1,1,0,1,1,0,1,0,1,1,0,1,0,1,0,0,0,1,0,1,0,0,0,0,0,1,0,1,1,1,0,0,0,0,0
103,"Mt. Vernon_1",0,1,0,0,0,0,0,0,0,0,0,0,1,1,1,0,1,1,1,0,1,1,1,0,1,0,0,1,0,1,0,1,0,1,1,0,0,0,1,0,1,0,0,0,0,0,1,0,0,1,1,0,0,0,0,0
104,"Mt. Vernon_1",1,1,0,0,0,0,0,0,0,1,0,0,1,1,1,0,1,1,1,0,1,1,1,0,1,1,0,1,0,1,0,1,0,0,1,0,0,0,1,0,1,0,0,0,0,0,1,0,1,1,1,0,0,0,0,1
105,"Mt. Vernon_1",1,1,1,0,1,0,0,0,1,1,0,0,1,1,1,0,1,1,0,1,1,1,1,1,1,0,1,1,1,1,1,1,0,1,1,1,1,0,1,0,1,1,1,1,1,0,1,0,1,1,1,1,0,0,0,0
106,"Mt. Vernon_1",1,1,1,0,1,0,0,0,1,0,1,1,1,1,1,0,1,1,1,1,1,1,1,1,1,0,1,1,1,1,1,1,0,1,1,1,0,0,1,0,1,1,1,1,1,0,1,0,1,1,1,1,0,0,0,0
107,"Mt. Vernon_1",1,1,0,0,0,0,0,0,0,0,0,0,1,1,1,0,1,1,1,0,1,1,1,0,1,0,0,1,0,1,0,1,0,0,0,0,0,0,1,0,1,0,0,0,0,0,1,0,0,1,1,0,0,0,0,0
108,"Mt. Vernon_2",1,1,0,0,0,0,0,0,0,0,0,0,1,1,1,0,1,1,1,0,1,1,1,0,1,0,0,1,0,1,0,1,0,0,0,0,0,0,1,0,1,0,0,0,0,0,1,0,0,1,1,0,0,0,0,0
109,"Mt. Vernon_2",1,0,1,0,1,0,0,0,1,0,1,1,1,0,0,1,0,0,1,1,0,0,1,1,0,0,1,0,1,0,1,0,0,1,0,1,0,0,0,0,0,1,1,1,1,0,0,0,1,1,1,1,0,1,0,0
110,"Mt. Vernon_2",0,1,0,0,0,0,0,1,0,1,0,0,1,1,1,0,1,1,0,0,1,1,1,0,1,0,0,1,0,1,1,0,1,0,1,0,0,0,1,0,1,0,0,0,0,0,1,1,1,1,1,0,0,0,0,1
111,"Mt. Vernon_2",0,1,0,0,0,0,0,0,0,1,0,0,1,1,1,0,1,1,0,0,1,1,1,0,1,1,0,1,0,1,1,0,1,0,1,0,0,0,1,0,1,0,0,0,0,0,1,0,1,1,1,0,0,0,0,0
112,"Mt. Vernon_2",0,1,0,0,0,0,0,0,0,1,0,0,1,1,1,0,1,1,0,0,1,1,1,0,1,1,0,1,0,1,1,1,0,0,1,0,0,0,1,0,1,0,0,0,0,0,1,0,1,1,1,0,0,0,0,0
113,"Mt. Vernon_2",1,0,1,0,1,0,0,0,1,0,0,1,1,0,0,1,0,0,1,1,0,0,1,1,0,0,1,0,1,0,1,0,1,1,0,1,0,0,0,0,0,1,1,1,1,0,0,0,1,1,1,1,0,0,0,1
114,"Mt. Vernon_3",1,1,0,0,0,0,0,0,0,0,0,1,1,1,1,0,1,1,1,1,1,1,1,0,1,0,0,1,0,1,0,1,0,1,0,1,0,1,1,1,1,0,1,0,0,0,1,0,0,1,1,0,0,1,0,1
115,"Mt. Vernon_3",1,0,1,0,1,0,0,0,0,0,0,0,0,1,1,0,1,1,1,0,1,1,1,0,1,0,0,1,0,1,0,1,0,0,0,0,0,0,1,0,1,0,0,0,0,0,1,0,0,1,1,0,0,0,0,0
116,"Mt. Vernon_3",1,1,0,0,0,0,0,0,0,0,0,0,1,0,0,0,1,1,1,0,1,1,1,0,1,0,0,1,0,1,0,1,0,0,0,0,0,0,1,0,1,0,0,0,0,0,1,0,0,1,1,0,0,0,0,0
117,"Mt. Vernon_3",1,1,0,0,0,0,0,0,0,0,0,0,1,1,1,0,1,1,1,0,1,1,1,0,1,0,0,1,0,1,0,1,0,0,0,0,0,0,1,0,1,0,0,0,0,0,1,0,0,1,1,0,0,0,0,0
118,"Mt. Vernon_3",1,1,0,0,0,0,0,0,0,1,0,0,1,1,1,0,1,1,1,0,1,1,1,0,1,0,0,1,0,1,0,1,0,0,1,0,0,0,1,0,1,0,0,0,0,0,1,0,1,1,1,0,0,0,0,1
119,"Mt. Vernon_3",1,1,1,0,0,0,0,0,0,0,0,0,1,1,1,0,1,1,1,0,1,1,1,0,1,0,0,1,0,1,0,0,1,1,0,0,0,0,1,0,1,1,0,0,0,0,1,0,0,1,1,0,0,0,0,0
120,"Mt. Vernon_3",1,1,0,0,0,0,0,0,0,0,0,0,1,1,1,0,1,1,1,0,1,1,1,0,1,0,0,1,0,1,0,1,0,0,0,0,0,0,1,0,1,0,0,0,0,0,1,0,0,1,1,0,0,0,0,0
121,"Mt. Vernon_3",1,1,0,0,0,0,0,0,0,0,0,0,1,1,1,0,1,1,1,0,1,1,1,0,1,0,0,1,0,1,0,1,0,0,0,0,0,0,1,0,1,0,0,0,0,0,1,0,0,1,1,0,0,0,0,0
122,"Mt. Vernon_4",1,1,0,0,0,0,0,0,0,0,0,0,1,1,1,0,1,1,1,0,1,1,1,0,1,0,0,1,0,1,0,1,0,0,0,0,0,0,1,0,1,0,0,0,0,0,1,0,0,1,1,0,0,0,0,0
123,"Mt. Vernon_4",1,1,0,0,0,0,0,0,0,1,0,0,1,1,1,0,1,1,1,0,1,1,1,0,1,0,0,1,0,1,0,1,0,0,1,0,0,0,1,0,1,0,0,0,0,0,1,0,0,1,1,0,0,0,0,0
124,"Mt. Vernon_4",1,1,0,0,0,0,0,0,0,0,0,0,0,0,1,0,1,1,1,0,1,1,1,0,1,0,0,1,0,1,0,1,0,0,0,0,0,0,0,0,1,0,0,0,0,0,1,0,0,0,1,0,0,0,0,0
125,"Mt. Vernon_4",1,1,0,0,0,0,0,0,0,0,0,0,1,0,1,0,1,1,1,0,1,1,1,0,1,0,0,1,0,1,0,1,0,0,0,0,0,0,1,0,1,0,0,0,0,0,1,0,0,1,1,0,0,0,0,0
126,"Mt. Vernon_4",1,1,0,0,0,0,0,0,0,0,0,0,0,0,1,0,1,1,1,0,1,1,1,0,1,0,0,1,0,1,0,1,0,0,0,0,0,0,0,0,1,0,0,0,0,0,1,0,0,0,1,0,0,0,0,0
127,"Mt. Vernon_4",1,1,0,0,0,0,0,0,0,0,0,0,0,0,1,0,1,1,1,0,1,1,1,0,1,0,0,1,0,1,0,1,0,0,0,0,0,0,0,0,1,0,0,0,0,0,1,0,0,0,1,0,0,0,0,0
128,"Mt. Vernon_4",1,1,0,0,0,0,0,0,0,1,0,0,1,1,1,0,1,1,1,0,1,1,1,0,1,1,0,1,0,1,0,1,0,0,1,0,0,0,1,0,1,0,0,0,0,0,1,0,1,1,1,0,0,0,0,0
129,"Mt. Vernon_4",1,1,0,0,1,0,0,0,0,0,0,0,1,1,1,0,1,1,1,0,1,1,1,0,1,0,0,1,0,1,0,1,0,0,0,0,0,0,1,0,1,1,0,0,0,0,1,0,0,1,1,0,0,0,0,0
130,"Mt. Vernon_4",1,1,0,0,0,0,0,0,0,0,0,0,1,1,1,0,1,1,1,0,1,1,1,0,1,0,0,1,0,1,0,1,0,0,1,0,0,0,1,0,1,0,0,0,0,0,1,0,0,1,1,0,0,0,0,0
131,"Mt. Vernon_4",1,1,0,0,0,0,0,0,0,0,0,0,0,0,1,0,1,1,1,0,1,1,1,0,1,0,0,1,0,1,0,1,0,0,0,0,0,0,0,0,1,0,0,0,0,0,1,0,0,0,1,0,0,0,0,0
132,"Mt. Vernon_4",1,1,0,0,0,0,0,0,0,1,1,0,1,1,1,0,1,1,1,0,1,1,1,0,1,1,0,1,0,1,0,1,0,0,1,0,0,0,1,0,1,1,0,0,0,0,1,0,1,1,1,0,0,1,0,1
133,"Mt. Vernon_4",1,1,0,0,0,0,0,0,0,0,0,0,0,0,1,0,1,1,1,0,1,1,1,0,1,0,0,1,0,1,0,1,0,0,0,0,0,0,0,0,1,0,0,0,0,0,1,0,0,0,1,0,0,0,0,0
134,"Mt. Vernon_5",1,1,0,0,0,0,0,0,0,0,0,0,1,0,1,0,1,1,1,0,1,1,1,0,1,0,0,1,0,1,0,1,0,0,0,0,0,0,0,0,1,0,0,0,0,0,1,0,0,0,1,0,0,0,0,0
135,"Mt. Vernon_5",1,1,0,0,0,0,0,0,0,0,0,0,1,0,1,0,1,1,1,0,1,1,1,0,1,0,0,1,0,1,0,1,0,0,0,0,0,0,0,0,1,0,0,0,0,0,1,0,0,0,1,0,0,0,0,0
136,"Mt. Vernon_5",1,1,0,0,0,1,0,0,0,1,0,0,1,1,1,0,1,1,1,0,1,1,1,0,1,0,0,1,0,1,0,1,0,0,1,0,0,0,1,0,1,0,0,0,0,0,1,0,0,1,1,0,0,0,0,0
137,"Mt. Vernon_5",1,1,0,0,0,0,0,0,0,0,0,0,1,0,1,0,1,1,1,0,1,1,1,0,1,0,0,1,0,1,0,1,0,0,0,0,0,0,0,0,1,0,0,0,0,0,1,0,0,0,1,0,0,0,0,0
138,"Mt. Vernon_5",1,1,0,0,0,1,0,0,0,0,0,0,1,0,1,0,1,1,1,0,1,1,1,0,1,0,0,1,0,1,0,1,0,0,0,0,0,0,0,0,1,0,0,0,0,0,1,0,0,1,1,0,0,0,0,0
139,"Mt. Vernon_5",1,1,0,0,0,0,0,0,0,0,0,0,1,0,1,0,1,1,0,0,1,1,1,0,1,0,0,1,0,1,0,1,0,0,0,0,0,0,0,0,1,0,0,0,0,0,1,0,0,0,1,0,0,0,0,0
140,"Mt. Vernon_5",1,1,0,0,0,0,0,0,0,0,0,0,1,0,1,0,1,1,0,0,1,1,1,0,1,0,0,1,0,1,0,1,0,0,0,0,0,0,0,0,1,0,0,0,0,0,1,0,0,0,1,0,0,0,0,0
141,"Mt. Vernon_5",1,1,0,0,0,0,0,0,0,0,0,0,1,0,1,0,1,1,0,0,1,1,1,0,1,0,0,1,0,1,0,1,0,0,0,0,0,0,0,0,1,0,0,0,0,0,1,0,0,0,1,0,0,0,0,0
142,"Mt. Vernon_5",1,1,0,0,0,0,0,0,0,0,0,0,1,0,1,0,1,1,1,0,1,1,1,0,1,0,0,1,0,1,0,1,0,0,0,0,0,0,0,0,1,0,0,0,0,0,1,0,0,0,1,0,0,0,0,0
143,"Mt. Vernon_5",1,1,0,0,0,1,0,0,0,0,0,0,1,1,1,0,1,1,1,0,1,1,1,0,1,0,0,1,0,1,0,1,0,0,1,0,0,0,1,0,1,0,0,0,0,0,1,0,0,1,1,0,0,0,0,0
144,"Mt. Vernon_5",1,1,0,0,0,1,0,0,0,0,0,0,1,0,1,0,1,1,1,0,1,1,1,0,1,0,0,1,0,1,0,1,0,0,0,0,0,0,0,0,1,0,0,0,0,0,1,0,0,1,1,0,0,0,0,0
145,"Mt. Vernon_5",1,1,0,0,0,0,0,0,0,0,0,0,0,0,1,0,1,1,0,0,1,1,1,0,1,0,0,1,0,1,0,1,0,0,0,0,0,0,0,0,1,0,0,0,0,0,1,0,0,0,1,0,0,0,0,0
146,"Mt. Vernon_5",1,1,0,0,0,0,0,0,0,0,0,0,0,0,1,0,1,1,0,0,1,1,1,0,1,0,0,1,0,1,0,1,0,0,0,0,0,0,0,0,1,0,0,0,0,0,1,0,0,0,1,0,0,0,0,0
147,"Mt. Vernon_5",1,1,0,0,0,0,0,0,0,0,0,0,1,0,1,0,1,1,1,0,1,1,1,0,1,0,0,1,0,1,0,1,0,0,0,0,0,0,0,0,1,0,0,0,0,0,1,0,0,0,1,0,0,0,0,0
148,"Mt. Vernon_5",1,1,0,0,0,0,0,0,0,0,0,0,0,0,1,0,1,1,0,0,1,1,1,0,1,0,0,1,0,1,0,1,0,0,0,0,0,0,0,0,1,0,0,0,0,0,1,0,0,0,1,0,0,0,0,0
149,"Mt. Vernon_5",1,1,0,0,0,0,0,0,0,0,0,0,0,0,1,0,1,1,0,0,1,1,1,0,1,0,0,1,0,1,0,1,0,0,0,0,0,0,0,0,1,0,0,0,0,0,1,0,0,0,1,0,0,0,0,0
150,"Mt. Vernon_5",1,1,0,0,0,1,0,0,0,1,0,0,1,1,1,0,1,1,1,0,1,1,1,0,1,0,0,1,0,1,0,1,0,0,1,0,0,0,1,0,1,0,0,0,0,0,1,0,0,1,1,0,0,0,1,0
151,"Mt. Vernon_6",1,0,1,0,1,0,0,0,1,0,0,1,1,0,0,1,0,0,1,1,0,0,1,1,0,0,1,0,1,0,1,0,1,1,0,1,0,0,0,0,0,1,1,1,1,0,0,0,1,0,1,1,1,0,1,0
152,"Mt. Vernon_6",1,1,0,0,0,0,0,0,0,0,0,0,1,0,0,0,1,1,1,0,1,1,1,0,1,0,0,1,0,1,0,1,0,0,0,0,0,0,0,0,1,0,0,0,0,0,1,0,0,0,1,0,0,0,0,0
153,"Mt. Vernon_6",1,1,0,1,0,0,0,0,0,0,0,0,1,0,1,0,1,1,1,0,1,1,1,0,1,0,0,1,0,1,0,1,0,0,0,0,0,0,0,0,1,0,0,0,0,0,1,0,0,1,1,0,0,0,0,0
154,"Mt. Vernon_6",1,1,0,0,0,0,0,0,0,0,0,0,1,0,0,0,1,1,1,0,1,1,1,0,1,0,0,1,0,1,0,1,0,0,0,0,0,0,0,0,1,0,0,0,0,0,1,0,0,0,1,0,0,0,0,0
155,"Mt. Vernon_6",1,1,1,0,1,0,0,0,1,0,0,1,1,0,0,1,0,0,1,1,0,0,1,1,0,0,1,0,1,0,1,0,0,1,0,1,0,0,0,0,0,1,1,1,1,0,0,0,1,1,1,1,0,0,0,1
156,"Mt. Vernon_6",1,1,0,0,0,0,0,0,0,0,0,0,1,0,0,0,1,1,0,0,1,1,1,0,1,0,0,1,0,1,0,1,0,0,0,0,0,0,0,0,0,0,0,0,0,0,1,0,0,0,1,0,0,0,0,0
157,"Mt. Vernon_6",1,1,0,0,0,0,0,0,0,1,0,0,1,1,0,0,1,1,0,0,1,1,1,0,1,0,0,1,0,1,0,1,0,0,1,0,0,0,1,0,1,0,0,0,0,0,1,0,0,1,1,0,0,0,0,0
158,"Mt. Vernon_6",1,1,0,0,0,0,0,0,0,1,0,0,1,1,1,0,1,1,0,0,1,1,1,0,1,1,0,1,0,1,1,1,0,0,1,0,0,0,1,0,1,0,0,0,0,0,1,0,1,1,1,0,0,0,0,1
159,"Mt. Vernon_6",1,0,1,0,1,0,0,0,1,0,1,1,1,0,0,1,0,0,1,1,0,0,1,1,0,0,1,0,1,0,1,0,1,1,0,1,0,0,0,0,0,1,1,1,1,0,0,0,1,1,1,1,0,0,0,1
160,"Mt. Vernon_6",1,1,0,0,0,0,0,0,0,0,0,0,1,1,1,0,1,1,0,0,1,1,1,0,1,0,0,1,0,1,0,1,0,0,0,0,0,0,1,0,1,0,0,0,0,0,1,0,0,1,1,0,0,0,0,0
161,"Mt. Vernon_6",1,1,1,0,0,0,0,0,0,0,0,0,1,1,1,0,1,1,1,0,1,1,1,0,1,0,0,1,0,1,0,1,0,0,0,0,0,0,1,0,1,0,0,0,0,0,1,0,0,1,1,0,0,0,0,1
162,"Mt. Vernon_6",1,1,0,0,0,0,0,0,0,0,0,0,1,0,1,0,1,1,1,0,1,1,1,0,1,0,0,1,0,1,0,1,0,0,0,0,0,0,1,0,1,0,0,0,0,0,1,0,0,1,1,0,0,0,0,0
163,"Mt. Vernon_7",1,1,0,0,0,0,0,0,0,1,0,0,1,1,1,0,1,1,1,0,1,1,1,0,1,1,0,1,0,1,0,1,0,0,1,0,0,0,1,0,1,0,0,0,0,0,1,0,1,1,1,0,0,0,0,0
164,"Mt. Vernon_7",1,1,0,0,0,0,0,0,0,0,0,0,1,1,1,0,1,1,1,0,1,1,1,0,1,0,0,1,0,1,0,1,0,0,0,0,0,0,1,0,1,0,0,0,0,0,1,0,0,1,1,0,0,0,0,0
165,"Mt. Vernon_7",1,1,0,0,0,1,0,0,0,1,0,0,1,1,1,0,1,1,1,0,1,1,1,0,1,0,0,1,0,1,0,1,0,0,1,0,0,0,1,0,1,0,0,0,0,0,1,0,0,1,1,0,0,0,0,0
166,"Mt. Vernon_7",1,1,0,0,0,0,0,0,0,1,0,0,1,1,1,0,1,1,1,0,1,1,1,0,1,0,0,1,0,1,0,1,0,0,1,0,0,0,1,0,1,0,0,0,0,0,1,0,0,1,1,0,0,0,0,0
167,"Mt. Vernon_7",1,1,0,0,0,0,0,0,0,0,0,0,1,1,1,0,1,1,1,0,1,1,1,0,1,0,0,1,0,1,0,1,0,0,0,0,0,0,1,0,1,0,0,0,0,0,1,0,0,1,1,0,0,0,0,0
168,"Mt. Vernon_7",1,1,0,0,0,0,0,0,0,0,0,0,1,1,1,0,1,1,0,0,1,1,1,0,1,0,0,1,0,1,0,1,0,0,0,0,0,0,1,0,1,0,0,0,0,0,1,0,0,1,1,0,0,0,0,0
169,"Mt. Vernon_7",1,1,0,0,0,0,0,0,0,0,0,0,1,1,1,0,1,1,0,0,1,1,1,0,1,0,0,1,0,1,0,1,0,0,1,0,0,0,1,0,1,0,0,0,0,0,1,0,0,1,1,0,0,0,0,0
170,"Mt. Vernon_7",1,1,0,0,0,0,0,0,0,0,0,0,1,1,1,0,1,1,0,0,1,1,1,0,1,0,0,1,0,1,0,1,0,0,0,0,0,0,1,0,1,0,0,0,0,0,1,0,0,1,1,0,0,0,0,0
171,"Mt. Vernon_7",1,1,0,0,0,0,0,0,0,1,0,0,1,1,1,0,1,1,0,0,1,1,1,0,1,1,0,1,0,1,1,1,0,0,1,0,0,0,1,0,1,0,0,0,0,0,1,0,1,1,1,0,0,0,0,1
172,"Mt. Vernon_7",1,1,0,0,0,0,0,0,0,0,0,0,1,1,1,0,1,1,1,0,1,1,1,0,1,0,0,1,0,1,0,1,0,0,0,0,0,0,1,0,1,0,0,0,0,0,1,0,0,1,1,0,0,0,0,0
173,"Mt. Vernon_7",1,1,0,0,0,0,0,0,0,1,0,0,1,1,1,0,1,1,1,0,1,1,1,0,1,1,0,1,0,1,0,1,0,0,1,0,0,0,1,0,1,0,0,0,0,0,1,0,1,1,1,0,0,0,0,1
174,"Mt. Vernon_7",1,1,0,0,0,1,0,1,0,0,0,0,1,1,1,0,1,1,0,0,1,1,1,0,1,0,0,1,0,1,0,1,0,0,0,0,0,0,1,0,1,0,0,0,0,0,1,0,0,1,1,0,0,0,0,0
175,"Mt. Vernon_8",1,1,0,0,0,0,0,0,0,0,0,0,1,1,1,0,1,1,1,0,1,1,1,0,1,0,0,1,0,1,0,1,0,0,0,0,0,0,0,0,1,0,0,0,0,0,1,0,0,1,1,0,0,0,0,0
176,"Mt. Vernon_8",1,1,0,0,0,1,0,1,0,0,0,0,1,1,1,0,1,1,0,0,1,1,1,0,1,1,0,1,0,1,0,1,0,0,1,0,0,0,1,0,1,0,0,0,0,0,1,0,1,1,1,0,0,0,0,1
177,"Mt. Vernon_8",1,1,0,0,0,0,0,0,0,0,0,0,1,1,1,0,1,1,0,0,1,1,1,0,1,0,0,1,0,1,0,1,0,0,1,0,0,0,1,0,1,0,0,0,0,0,1,0,0,1,1,0,0,0,0,0
178,"Mt. Vernon_8",1,1,0,0,0,1,0,1,0,0,0,0,1,1,1,0,1,1,1,0,1,1,1,0,1,0,0,1,0,1,0,1,0,0,0,0,0,0,1,0,1,0,0,0,0,0,1,0,0,1,1,0,0,0,0,0
179,"Mt. Vernon_8",1,1,0,0,0,1,0,1,0,0,0,0,1,1,1,0,1,1,1,0,1,1,1,0,1,0,0,1,0,1,0,1,0,0,0,0,0,0,1,0,1,0,0,0,0,0,1,0,0,1,1,0,0,0,0,0
180,"Mt. Vernon_8",1,1,0,0,0,0,0,1,0,0,0,0,1,1,1,0,1,1,1,0,1,1,1,0,1,0,0,1,0,1,0,1,0,0,0,0,0,0,1,0,1,0,0,0,0,0,1,0,0,1,1,0,0,0,0,0
181,"Mt. Vernon_8",1,1,0,0,0,1,0,0,0,0,0,0,1,1,1,0,1,1,1,0,1,1,1,0,1,0,0,1,0,1,0,1,0,0,0,0,0,0,1,0,1,0,0,0,0,0,1,0,0,1,1,0,0,0,0,0
182,"Mt. Vernon_8",1,1,0,0,0,0,0,0,0,0,0,0,1,1,1,0,1,1,1,0,1,1,1,0,1,0,0,1,0,1,0,1,0,0,1,0,0,0,1,0,1,0,0,0,0,0,1,0,0,1,1,0,0,0,0,0
183,"Mt. Vernon_8",1,1,0,0,0,0,0,0,0,0,0,0,1,1,1,0,1,1,1,0,1,1,1,0,1,0,0,1,0,1,0,1,0,0,0,0,0,0,1,0,1,0,0,0,0,0,1,0,0,1,1,0,0,0,0,0
184,"Mt. Vernon_8",1,1,0,0,0,1,0,0,0,0,0,0,1,1,1,0,1,1,1,0,1,1,1,0,1,0,0,1,0,1,0,1,0,0,0,0,0,0,1,0,1,0,0,0,0,0,1,0,0,1,1,0,0,0,0,0
185,"Mt. Vernon_8",1,1,0,0,0,1,0,0,0,0,0,0,1,1,1,0,1,1,1,0,1,1,1,0,1,0,0,1,0,1,0,1,0,0,0,0,0,0,1,0,1,0,0,0,0,0,1,0,0,1,1,0,0,0,0,0
186,"Mt. Vernon_8",1,1,0,0,0,1,0,0,0,0,0,0,1,1,1,0,1,1,1,0,1,1,1,0,1,0,0,1,0,1,0,1,0,0,0,0,0,0,1,0,1,0,0,0,0,0,1,0,0,1,1,0,0,0,0,0
187,"Mt. Vernon_8",1,1,0,0,0,1,0,1,0,0,0,0,1,1,1,0,1,1,0,0,1,1,1,0,1,0,0,1,0,1,0,1,0,0,0,0,0,0,1,0,1,0,0,0,0,0,1,0,0,1,1,0,0,0,0,0
